Timestamp,Voltage (V),Current (A),Power Consumption (kW),Reactive Power (kVAR),Power Factor,Solar Power (kW),Wind Power (kW),Grid Supply (kW),Voltage Fluctuation (%),Overload Condition,Transformer Fault,Temperature (Â°C),Humidity (%),Electricity Price (USD/kWh),Predicted Load (kW)
2024-01-01 0:00:00,232.4835708,5.124672741,1.191402218,0.3990291542,0.9077655281,46.61484531,26.39956605,0.0,1.055937052,0,0,17.84276706,64.52335267,0.4161564108,1.233158422
2024-01-01 0:15:00,229.3086785,22.21351868,5.093752614,1.248030013,0.8318133316,6.907169503,18.55501127,0.0,-3.910901834,1,0,18.75369823,49.6719396,0.4923343651,5.24782424
2024-01-01 0:30:00,233.2384427,46.13221716,10.75980649,2.790463577,0.9990053964,15.47763994,12.90502503,0.0,-0.1975505077,0,0,16.71932518,48.47276856,0.4277849948,10.5802783
2024-01-01 0:45:00,237.6151493,47.64897167,11.32211752,1.956965254,0.896462351,35.74639831,28.93712894,0.0,2.67192147,0,0,15.36456383,75.76677629,0.4879530579,11.22594596
2024-01-01 1:00:00,228.8292331,7.410166176,1.695662643,0.6247181672,0.8706807778,27.55503788,14.18464814,0.0,3.826937061,0,0,38.76033346,61.38421275,0.2900782956,1.696639053
2024-01-01 1:15:00,228.8293152,10.55400862,2.415066564,0.9358528121,0.9700034408,46.02933865,25.88770266,0.0,2.201227406,0,0,25.96980619,50.43747387,0.4697085147,2.48232092
2024-01-01 1:30:00,237.8960641,5.219165527,1.241618937,0.3680053317,0.9628554245,21.53642715,13.1287207,0.0,-0.8001847055,1,0,31.40675629,74.00103334,0.255648429,1.22906541
2024-01-01 1:45:00,233.8371736,44.09031705,10.30995512,1.500174491,0.8467785586,11.04182837,7.978981976,0.0,4.36145673,0,0,23.17963078,44.94522132,0.4212383618,10.77603391
2024-01-01 2:00:00,227.6526281,8.189880162,1.864447742,0.4854107255,0.9685981406,3.752725099,3.92713264,0.0,4.481335396,0,0,24.57609033,26.95697448,0.4312304075,1.807543709
2024-01-01 2:15:00,232.7128002,9.85550685,2.293502597,0.4374592103,0.8566823549,24.41706164,29.4375113,0.0,0.4680409547,1,0,11.23552208,26.66984982,0.1692192652,2.297330097
2024-01-01 2:30:00,227.6829115,15.24301923,3.470574999,0.8164854659,0.8135290216,39.8914351,6.225916881,0.0,-0.4276164125,0,0,38.67690961,33.98697559,0.1938132873,3.357168022
2024-01-01 2:45:00,227.6713512,46.27622982,10.53577177,3.185620073,0.8067092431,6.834522068,18.94709765,0.0,1.884990099,0,0,12.57159246,52.72370346,0.1877603599,10.04442318
2024-01-01 3:00:00,231.2098114,35.97053033,8.316739532,1.00807862,0.90414057,43.7021933,2.922127559,0.0,-0.1916693174,0,0,12.81124534,33.73286389,0.4986708503,8.222846006
2024-01-01 3:15:00,220.4335988,32.75966119,7.221330011,1.162561881,0.8679088981,38.04448205,5.224379325,0.0,1.170739402,0,0,27.91844018,30.23650722,0.4838866393,6.991575161
2024-01-01 3:30:00,221.3754108,40.30956076,8.923545573,2.899820175,0.9527958514,7.287042994,22.7826586,0.0,3.311595424,0,0,15.302827,57.47805245,0.1312108298,9.04864668
2024-01-01 3:45:00,227.1885624,36.19780239,8.223726686,0.9165390756,0.907161267,32.59878639,29.74558393,0.0,-4.796400074,1,0,32.66691011,66.87816575,0.4208587273,8.601984502
2024-01-01 4:00:00,224.9358444,38.56670693,8.675034789,2.43386412,0.9557866781,27.3482965,24.4137687,0.0,0.9161332281,0,1,21.00310554,74.95945902,0.3238911335,8.637637498
2024-01-01 4:15:00,231.5712367,8.314539741,1.92540825,0.3469207229,0.93739716,12.18893287,28.1807325,0.0,-3.305184175,0,0,18.71912187,28.2738608,0.497403769,1.921659234
2024-01-01 4:30:00,225.4598796,31.53943834,7.110877971,2.636327783,0.9971383558,28.07493659,29.36039233,0.0,-2.981822368,0,0,37.13534407,35.43341028,0.281159402,6.876800383
2024-01-01 4:45:00,222.9384815,38.89432793,8.671042407,3.034261036,0.8963066876,0.4332426269,23.62257506,0.0,2.33349459,0,0,12.6437344,60.07645274,0.2711368114,8.345163283
2024-01-01 5:00:00,237.3282438,30.45463791,7.227745733,2.716191067,0.8677105631,1.832131715,2.767822247,2.627791771,0.4693528631,0,0,34.58373786,62.51083658,0.4048100075,7.488723096
2024-01-01 5:15:00,228.8711185,5.530769301,1.265833356,0.1622283083,0.8364522126,28.87963809,21.35792772,0.0,-3.528706204,0,0,25.03969729,42.00123332,0.2065982952,1.289903732
2024-01-01 5:30:00,230.337641,14.50039503,3.339986784,1.330701352,0.9315624346,11.31122056,0.6617878424,0.0,-4.787429241,0,0,35.8798666,33.41909723,0.2037740763,3.419429689
2024-01-01 5:45:00,222.8762591,48.33049987,10.77172101,1.540885716,0.9078324646,28.08112237,27.9235614,0.0,-1.356241687,0,0,36.56768015,37.13749392,0.4421242273,10.89163565
2024-01-01 6:00:00,227.2780864,36.71125884,8.343664658,3.012377207,0.9415346225,25.6314756,20.88574779,0.0,-0.1700882497,0,0,28.16169773,71.544466,0.2301834393,8.743042473
2024-01-01 6:15:00,230.5546129,35.98272054,8.295982207,1.765306631,0.9565391424,31.55608908,24.99828605,0.0,-4.421229681,0,0,17.98480744,49.62890816,0.1531111331,8.369162483
2024-01-01 6:30:00,224.2450321,34.71135988,7.783850011,3.008698028,0.9303165955,4.263404859,29.86607611,0.0,-0.9335265515,0,0,13.01613128,27.83017345,0.1799694903,7.643945569
2024-01-01 6:45:00,231.8784901,10.75136001,2.493009125,0.2500792612,0.9636866918,23.43335046,8.029365355,0.0,3.799785996,0,0,22.49720479,23.28620153,0.3026863334,2.589522843
2024-01-01 7:00:00,226.9968066,5.183725145,1.176689054,0.3609506997,0.8424363775,13.57231038,20.7917288,0.0,3.795958301,0,0,27.65394917,31.48786355,0.269659491,1.171304213
2024-01-01 7:15:00,228.5415313,24.82935431,5.674538655,2.262425055,0.9801542309,27.8527705,1.837760807,0.0,4.751285004,0,0,23.23573266,22.92129469,0.4335868903,5.862230863
2024-01-01 7:30:00,226.9914669,24.99459822,5.673560515,1.748365178,0.8478326569,37.41590975,28.13298568,0.0,-1.033764596,0,0,25.85373256,53.20946639,0.4125553801,5.876911068
2024-01-01 7:45:00,239.2613909,41.5312453,9.936823518,3.099921582,0.8664706582,23.56903124,5.274051794,0.0,-1.520350445,0,0,36.00998071,40.54400454,0.4080889893,9.693436576
2024-01-01 8:00:00,229.9325139,13.17053824,3.028334966,0.9090294007,0.8251135213,22.47913369,17.06211593,0.0,-3.716308096,0,0,18.00476812,71.17160472,0.420192185,2.937712419
2024-01-01 8:15:00,224.7114454,17.38000234,3.905485446,1.538026242,0.8353419928,7.39045865,13.457562,0.0,-3.128083939,0,0,16.50892315,51.54859537,0.35025448,3.841280885
2024-01-01 8:30:00,234.1127246,8.520904926,1.994852268,0.6289406387,0.9409371703,40.81549176,0.9367771899,0.0,4.780479814,0,0,32.78654264,31.90359675,0.1379691192,2.05856075
2024-01-01 8:45:00,223.8957818,22.99437659,5.148343922,1.282352765,0.8293740537,7.88341525,0.4539779735,0.0,-2.834312496,0,0,36.9660999,59.78056008,0.1845362089,4.926068197
2024-01-01 9:00:00,231.044318,16.51953868,3.816745548,0.6653708174,0.9975000123,6.358895419,10.07150567,0.0,0.4985133101,0,0,35.61067848,34.00014266,0.1013491926,3.759651494
2024-01-01 9:15:00,220.2016494,16.83031299,3.706062679,1.234485572,0.9886463513,38.58749027,4.214389908,0.0,-0.06307038523,0,0,18.43705621,78.10739199,0.3178432328,3.56785733
2024-01-01 9:30:00,223.3590698,16.43238892,3.670323103,0.5443346873,0.813684594,48.74399316,27.05997202,0.0,-1.791050878,0,0,18.049802,21.63730256,0.3972112782,3.594609341
2024-01-01 9:45:00,230.9843062,15.41833291,3.56139293,0.4225248251,0.9578735543,8.703960001,28.04640216,0.0,1.859836507,0,0,18.10960573,68.25418501,0.1680048156,3.429406716
2024-01-01 10:00:00,233.6923329,19.39068636,4.531454733,1.490556348,0.8756134995,22.12969084,14.09701264,0.0,2.626595428,0,0,12.11021856,68.52744485,0.1031690999,4.437380229
2024-01-01 10:15:00,230.8568414,29.15105742,6.729721039,1.417617516,0.9614382588,2.938504488,20.52640733,0.0,0.3287669821,0,0,28.29318969,26.60469664,0.4472634423,6.527165612
2024-01-01 10:30:00,229.4217586,24.69696247,5.666020562,0.9272425976,0.8132591289,48.50520053,8.306758177,0.0,2.139018746,0,0,12.98666871,37.27080675,0.312793846,5.650325138
2024-01-01 10:45:00,228.4944815,7.855113255,1.794850031,0.5924518471,0.9248639652,32.51284894,25.83033095,0.0,0.9930992003,0,0,31.21362721,45.3770799,0.2007971592,1.828618062
2024-01-01 11:00:00,222.60739,24.16369387,5.379016826,1.938005333,0.943424221,41.98158435,15.26012804,0.0,2.244065849,0,0,34.58812408,54.54043578,0.2517118823,5.384208923
2024-01-01 11:15:00,226.400779,43.08252145,9.753916416,1.284079086,0.9693411729,25.4191028,16.8880144,0.0,-1.211126237,0,0,21.75330768,71.99007256,0.3656777938,10.0956542
2024-01-01 11:30:00,227.6968061,9.531685286,2.170334297,0.4872066685,0.9777250682,35.25446494,9.041731116,0.0,2.236970862,0,0,31.84472637,63.77852581,0.4723560152,2.067392745
2024-01-01 11:45:00,235.2856111,47.49627197,11.17518938,1.197153857,0.8022139493,23.75146465,4.627561864,0.0,0.8617799526,0,0,23.92513139,74.25691795,0.4428393995,11.71883429
2024-01-01 12:00:00,231.7180914,18.88656668,4.376359186,1.524269558,0.9494400505,23.2385733,29.44088095,0.0,-4.886691838,0,0,17.19725881,29.56879613,0.3322832173,4.247546256
2024-01-01 12:15:00,221.1847992,5.654103323,1.250601708,0.1281420063,0.8292915393,31.04583533,23.77202343,0.0,0.5680334056,0,0,14.52739219,78.43834716,0.1745428955,1.194459202
2024-01-01 12:30:00,231.6204198,16.39200106,3.796722167,0.824471776,0.9069713319,35.76912686,4.271253418,0.0,0.32519203,0,0,20.78363169,62.29794948,0.3271626254,3.668042062
2024-01-01 12:45:00,228.0745886,8.134682925,1.855314461,0.6879931906,0.8742485105,43.97111274,27.77347071,0.0,-0.8515840951,0,0,28.42041148,29.92413334,0.1207917998,1.898833525
2024-01-01 13:00:00,226.61539,30.48716057,6.908859783,1.900007388,0.8448110101,35.14883664,0.2539069318,0.0,-3.23340493,0,0,32.56536483,39.59790071,0.3786920222,6.738324671
2024-01-01 13:15:00,233.0583814,19.23463074,4.482791908,1.527964565,0.8606186997,45.07013976,28.01723917,0.0,-0.9045997927,0,0,16.22307866,36.68780021,0.2215092532,4.627929837
2024-01-01 13:30:00,235.1549976,41.30944763,9.714123058,1.364727844,0.8521717229,11.54375515,24.7472725,0.0,0.9643439613,0,0,28.55818044,78.93060664,0.1606683403,9.85870017
2024-01-01 13:45:00,234.6564006,37.96812897,8.90946448,1.19748995,0.8453666594,13.06499233,11.03005533,0.0,1.352250534,0,0,22.55145376,76.64852129,0.1809534564,8.833309383
2024-01-01 14:00:00,225.8039124,26.08684068,5.890510687,1.215317174,0.9302420245,11.68859385,2.489486091,0.0,3.619886141,0,0,34.39623809,76.49972332,0.2245758192,5.694023262
2024-01-01 14:15:00,228.4539381,30.22707249,6.905493748,2.085005523,0.8691666787,5.220176041,24.57563468,0.0,-3.963559016,0,0,26.98353522,74.92601518,0.2794389144,6.93195704
2024-01-01 14:30:00,231.6563172,32.39463204,7.504421155,1.11813688,0.9788065217,29.36607642,29.57549333,0.0,0.7251248881,0,1,39.21984824,44.82107407,0.3324661283,7.350739029
2024-01-01 14:45:00,234.8777256,17.18171093,4.035601186,0.482916803,0.9080557485,19.66650224,20.1093496,0.0,4.422532859,1,0,30.25783573,49.61082972,0.113371144,3.946947707
2024-01-01 15:00:00,227.6041288,11.27193679,2.565539354,1.00761301,0.9036563034,30.24811483,5.676696065,0.0,-0.7481020834,0,0,11.24241698,25.79904072,0.2386043828,2.530136534
2024-01-01 15:15:00,229.0717051,21.94334672,5.02659985,0.9411521405,0.9848415124,26.19974692,9.315559783,0.0,0.4756602846,0,0,15.6382062,51.69049689,0.2104139584,5.152442631
2024-01-01 15:30:00,224.4683251,9.268589575,2.080504778,0.59777261,0.9755689075,28.87055455,12.60982925,0.0,4.10322519,0,0,13.52502533,24.31292044,0.2510710386,2.160663885
2024-01-01 15:45:00,224.0189669,19.16885189,4.294186397,1.27908415,0.8057112842,17.66775994,8.855794608,0.0,-2.513525468,0,0,27.37809645,57.66218384,0.3246359779,4.4759313
2024-01-01 16:00:00,234.0626291,29.86709723,6.990771303,0.7801216643,0.9217477717,9.960727558,17.28644293,0.0,-0.5955028413,1,0,10.30196518,39.99838438,0.4811277499,6.814182972
2024-01-01 16:15:00,236.7812001,29.30506359,6.938888126,1.87190763,0.9214177679,34.16561284,24.97607495,0.0,-1.77299709,0,0,34.54798417,56.67711749,0.3770840683,6.964585496
2024-01-01 16:30:00,229.6399494,10.42760185,2.394593961,0.3833532185,0.9848673453,35.42154342,21.19264633,0.0,-2.481381048,0,0,12.16752311,29.12591508,0.4803096248,2.459188432
2024-01-01 16:45:00,235.0176645,5.3752595,1.263280934,0.1603904611,0.9426706863,46.63234279,14.92330121,0.0,-0.2729501393,0,0,31.76730605,46.35422659,0.3934567224,1.280009031
2024-01-01 17:00:00,231.8081801,9.002460287,2.086843936,0.4571708018,0.8895049443,13.02130039,25.44615851,0.0,-4.801001996,0,0,18.04792947,52.42761108,0.398821929,2.080868935
2024-01-01 17:15:00,226.7744012,6.626751888,1.502777691,0.5077155647,0.8108017611,41.84520739,28.12110096,0.0,2.49849025,0,0,24.01044174,44.82631295,0.1230549979,1.527407261
2024-01-01 17:30:00,231.806978,23.02110002,5.336451627,2.085040151,0.8171588084,1.576372474,2.123537677,1.636541476,0.1136074788,0,0,11.62224948,71.8112312,0.3707870283,5.129394782
2024-01-01 17:45:00,237.6901828,22.53875838,5.3572416,1.331358805,0.8932250026,2.279611136,4.731243886,0.0,3.20570904,0,0,26.79613784,59.76808665,0.1362153106,5.617963316
2024-01-01 18:00:00,229.8208698,15.87269144,3.647875753,1.33601761,0.9967047269,32.61487714,19.88517631,0.0,0.7743529251,0,0,23.59946893,47.04060375,0.4740337441,3.734541601
2024-01-01 18:15:00,237.8232183,14.69500068,3.494812356,1.340456242,0.9982670934,8.48224386,24.9334012,0.0,2.324284338,0,0,13.94172229,23.16676179,0.2948665319,3.64310593
2024-01-01 18:30:00,216.9012745,22.83889624,4.953785702,1.1536445,0.8954874392,12.75081078,18.72236703,0.0,-0.137037409,0,0,24.16171187,25.26307969,0.2317768955,4.863966739
2024-01-01 18:45:00,234.1095125,8.89581102,2.082593981,0.299079126,0.9768012135,43.49240948,6.611847517,0.0,2.631373444,1,0,25.09590166,48.55991342,0.3208171919,2.034980765
2024-01-01 19:00:00,230.4352353,14.64391062,3.374472991,0.6513794455,0.8425091205,31.7086592,15.9047611,0.0,-2.865018267,0,0,12.19623931,50.31530209,0.3329460452,3.443610715
2024-01-01 19:15:00,228.5049632,23.25613572,5.314142438,1.149249351,0.8626850825,41.98479806,3.554443265,0.0,-4.763389009,0,0,12.93798374,56.74682351,0.4162460095,5.215353849
2024-01-01 19:30:00,230.4588039,9.267346141,2.135741507,0.5048009681,0.8763790329,22.61551203,15.50255242,0.0,-2.083485698,0,0,22.45344339,54.99019185,0.2321819577,2.120624269
2024-01-01 19:45:00,220.0621554,42.83661528,9.426717889,2.765801118,0.939805749,36.87133856,5.626277963,0.0,0.09059591835,0,0,21.95781959,57.63495846,0.2359678831,9.252747955
2024-01-01 20:00:00,228.9016406,35.42083241,8.107886648,2.380162134,0.9648601171,15.0886994,6.649925794,0.0,-2.716317726,0,0,31.02349826,27.75565007,0.428418208,8.094161949
2024-01-01 20:15:00,231.7855629,22.2403662,5.154995797,1.355642629,0.8784104346,7.956560964,16.63866289,0.0,0.6051764905,0,0,12.32399304,27.56778818,0.2790450276,5.138910963
2024-01-01 20:30:00,237.3894702,11.76792392,2.793581224,0.4706967475,0.8931889245,10.37582883,18.21458284,0.0,1.828274947,0,0,30.75237662,75.90045687,0.1411966425,2.797529168
2024-01-01 20:45:00,227.4086489,13.73842903,3.124237585,0.653090463,0.814889766,46.21332857,5.025971304,0.0,4.341779158,0,0,31.83778038,48.21336833,0.3587534158,3.04623789
2024-01-01 21:00:00,225.957532,10.40403131,2.350869238,0.5266695519,0.8556741062,28.82331892,15.76221831,0.0,-4.924050079,0,0,33.24605783,39.13004994,0.1199770742,2.468263452
2024-01-01 21:15:00,227.4912148,12.20377223,2.776250969,0.8304294598,0.9609642541,10.27056557,26.21880833,0.0,4.523659564,0,0,29.95056612,28.94665762,0.4239694153,2.725065245
2024-01-01 21:30:00,234.5770106,24.01313625,5.632929717,0.8023532471,0.8083066354,9.775802418,6.009812131,0.0,0.9822685139,0,0,37.48024257,45.54331086,0.3611443603,5.482352169
2024-01-01 21:45:00,231.6437555,16.05490994,3.719019633,0.6414991407,0.951046531,32.83550428,10.9038453,0.0,-1.923145703,0,0,36.36831813,31.82515588,0.2927418118,3.839420636
2024-01-01 22:00:00,227.351199,44.80603146,10.18670497,1.886165356,0.9014692621,32.58298022,13.8717508,0.0,0.006380530147,0,0,32.12243714,68.62329922,0.4664440023,10.17436272
2024-01-01 22:15:00,232.5663372,48.24179285,11.21941706,2.866682334,0.854125224,38.6563569,5.136143352,0.0,-2.484791774,0,0,14.70128797,46.63697228,0.4864641728,11.45921053
2024-01-01 22:30:00,230.4853877,36.11142696,8.323156244,2.723749509,0.8935567921,39.0674877,4.096215374,0.0,-4.181381265,0,0,29.66660499,78.1509355,0.1062469721,8.658965635
2024-01-01 22:45:00,234.843225,41.39424993,9.721159147,3.434518631,0.8901864667,5.487757718,26.35949154,0.0,1.561769317,0,0,38.97717619,69.91859855,0.2925917933,9.684606428
2024-01-01 23:00:00,226.4897345,16.4803791,3.732636688,1.204536283,0.9951338254,6.553010053,22.65548962,0.0,-0.3608082271,0,0,33.44090571,59.11955425,0.3112969119,3.609648049
2024-01-01 23:15:00,228.3616893,34.92607884,7.975778363,2.587745768,0.9406655701,19.68742836,2.09101452,0.0,1.078355108,0,0,26.37055601,59.42357203,0.2390538769,8.061200577
2024-01-01 23:30:00,228.0394592,7.609939382,1.735366462,0.2989259073,0.8825807396,42.55638291,3.604184859,0.0,-2.805818037,0,0,17.33159581,79.63360723,0.4299764121,1.720229799
2024-01-01 23:45:00,222.6824253,48.20972384,10.73545823,3.923187997,0.9868355365,0.8519736447,22.55971079,0.0,-0.3426535305,0,0,36.39387124,54.01943912,0.1103483015,10.83455172
2024-01-02 0:00:00,231.4806014,35.15931344,8.138699019,0.9422115619,0.9838647337,40.17768226,18.62401365,0.0,-1.048875277,0,0,33.53193639,59.61094464,0.2543942829,8.139288017
2024-01-02 0:15:00,231.3052764,19.25830272,4.454547032,1.167413374,0.9022697887,4.371860077,14.93999416,0.0,1.87961855,0,0,17.65356816,29.40115646,0.2221623536,4.431821294
2024-01-02 0:30:00,230.0255673,39.78687015,9.151997376,1.157992743,0.9877126835,38.64209874,17.55802279,0.0,-3.268944839,0,0,32.37275064,39.99135894,0.4864020394,9.402921791
2024-01-02 0:45:00,228.8270643,5.710975214,1.306825693,0.3662546347,0.9229066447,6.374046376,1.041651612,0.0,2.849292194,0,0,30.446266,39.84591984,0.1690935992,1.337720452
2024-01-02 1:00:00,222.9231463,21.93063059,4.888845172,0.5582427649,0.9456433135,46.71331524,8.000566685,0.0,-4.929209372,0,0,11.11167468,31.59328019,0.2317996661,4.827710329
2024-01-02 1:15:00,227.8967734,45.30459933,10.32477201,3.017624976,0.8932687844,32.51706908,20.46830519,0.0,4.326820133,0,0,34.40017954,37.1738049,0.2671416717,10.40435887
2024-01-02 1:30:00,228.2864274,16.84398034,3.845252095,0.4233806125,0.9248605736,29.86072432,11.10325865,0.0,-3.479098187,0,0,20.89353492,34.03813487,0.3287749386,3.794416825
2024-01-02 1:45:00,225.9886137,35.05614404,7.922289392,1.184655702,0.8786286775,48.44984092,0.5860796381,0.0,1.826598014,0,0,17.95105213,66.14039384,0.1302821487,8.061510088
2024-01-02 2:00:00,229.1935714,21.20466571,4.859973065,1.584420365,0.8311817458,33.85220295,27.80258727,0.0,-2.83498689,0,0,20.04677074,29.47267767,0.1755665583,5.006115643
2024-01-02 2:15:00,232.0202543,22.65639511,5.256742554,1.003130763,0.8711083414,27.33885182,26.79012894,0.0,-1.680729145,0,1,18.72721394,60.48120175,0.1795257617,5.082123118
2024-01-02 2:30:00,239.4309295,38.56716726,9.234172705,3.372663648,0.8785645364,49.5646824,24.82203053,0.0,-2.042600277,1,0,30.20137222,25.1612318,0.1413390497,9.250175573
2024-01-02 2:45:00,230.8728891,45.95926992,10.61074943,1.373441162,0.9549574493,41.50000885,3.350711821,0.0,1.226285874,0,0,18.7322898,49.36954143,0.4926990055,10.93006807
2024-01-02 3:00:00,231.287752,12.50233353,2.891636617,0.7494113094,0.8803222351,42.70000037,2.4383843,0.0,4.504154487,0,0,26.38707645,39.54648555,0.2466123498,2.820675485
2024-01-02 3:15:00,229.6277704,17.46014489,4.009334143,1.514480263,0.8946651427,21.00693932,14.56775805,0.0,3.319602535,0,0,27.98876515,79.37897398,0.45751688,3.903371405
2024-01-02 3:30:00,220.4061439,26.95033322,5.940019022,1.330227454,0.9520674504,0.551349284,1.309101937,4.079567801,-2.771195251,0,0,15.85739004,58.80227104,0.2103777442,5.645475174
2024-01-02 3:45:00,229.8674306,32.62172297,7.498671641,1.487245224,0.9071008039,27.05036798,1.044119966,0.0,-0.2320855803,0,0,36.35382289,41.38544442,0.2038096626,7.278822604
2024-01-02 4:00:00,230.301151,26.05042008,5.999441729,2.338547865,0.868859888,29.99047269,5.038210907,0.0,0.4843058159,0,0,16.12372089,74.65843086,0.2274397694,6.233074339
2024-01-02 4:15:00,242.3162106,41.24879127,9.995250791,2.271534454,0.8014714976,0.98754259,20.46829749,0.0,-4.13594859,0,0,20.48060488,21.23446436,0.2703675707,10.44350829
2024-01-02 4:30:00,229.0381952,39.56426981,9.06172895,2.805978955,0.9492880827,21.7396374,10.46855215,0.0,-0.4267032825,0,0,37.71824847,33.32911441,0.2323249298,9.485597001
2024-01-02 4:45:00,231.5077367,23.23593149,5.37929791,2.022519339,0.984277919,17.2730787,20.33346883,0.0,4.203256329,0,0,18.11614608,65.50828204,0.1280058746,5.284496506
2024-01-02 5:00:00,229.8264412,6.82753427,1.569147903,0.1619859075,0.8010889533,19.18132538,10.81038352,0.0,4.262680345,0,0,27.10744671,25.29349113,0.3579685688,1.552405335
2024-01-02 5:15:00,224.1566098,13.75233705,3.082677249,0.8348099078,0.9333845055,35.62058031,16.80589637,0.0,1.949779437,0,0,12.48258118,69.95231967,0.2634965921,3.154382393
2024-01-02 5:30:00,235.7141141,26.91286921,6.343743124,1.992151128,0.9025994993,39.13127368,19.37038428,0.0,-3.058916282,0,0,14.91016172,30.2171148,0.352237969,6.563712467
2024-01-02 5:45:00,233.7596652,46.73811905,10.92548706,2.465855949,0.9659779728,48.23439948,10.50382644,0.0,4.628583152,0,0,23.72911467,38.62641893,0.1868196104,11.03312946
2024-01-02 6:00:00,233.9551597,30.54062691,7.145137247,2.156978391,0.833459457,30.91059676,6.107228358,0.0,3.540466576,0,0,11.51667801,53.55331061,0.2294948301,6.900706191
2024-01-02 6:15:00,225.4530627,28.86777079,6.508327339,2.225359193,0.8705860851,40.80835817,4.780030047,0.0,-3.749035393,0,0,25.7186252,64.64107235,0.4854777879,6.362620855
2024-01-02 6:30:00,237.0139716,37.57865195,8.906665544,1.733916097,0.8188062223,14.55316278,5.659059,0.0,-2.658405289,0,0,34.10263534,20.39184114,0.1406761742,8.612623902
2024-01-02 6:45:00,222.9907447,11.85327267,2.643170099,0.5205412617,0.8542515252,6.573113035,20.42573712,0.0,-3.253872447,0,0,39.80470988,62.17172689,0.2627186578,2.736149923
2024-01-02 7:00:00,232.9342855,11.61133107,2.704677105,0.341682065,0.8959632692,26.12150601,12.65912254,0.0,-0.4892039959,0,0,37.62078241,46.82553935,0.3343511604,2.635021673
2024-01-02 7:15:00,240.9522781,20.54278285,4.949830327,1.913140827,0.9836528164,24.21948562,5.776679426,0.0,-2.558671102,0,0,32.69579599,43.48413418,0.177388179,5.054968495
2024-01-02 7:30:00,225.0473184,49.76836842,11.20023785,1.230686681,0.8416817208,35.76469306,20.14543891,0.0,-1.099238574,1,0,27.3289854,46.07447297,0.3463478274,11.08263212
2024-01-02 7:45:00,227.1685114,44.41738246,10.09023065,2.433939624,0.9380098875,19.1291882,3.592314463,0.0,2.999521907,0,0,25.16854502,42.41281754,0.2821060685,9.601508568
2024-01-02 8:00:00,230.4982568,35.60512552,8.206919366,2.132627251,0.9414585911,10.02334521,17.08936777,0.0,2.231638521,0,0,24.19238023,62.33393733,0.1513442893,7.912992981
2024-01-02 8:15:00,227.4826217,22.60197153,5.14155574,0.7317415741,0.8240285149,22.66949033,9.45353698,0.0,0.7264169035,0,0,38.07904417,33.60059742,0.3133925378,4.899908541
2024-01-02 8:30:00,222.2466828,29.96032798,6.658583511,1.644775727,0.9950659335,26.204452,6.060609834,0.0,-1.873053359,0,0,34.01487659,23.35236933,0.4164803736,6.67756859
2024-01-02 8:45:00,230.3428149,18.65993531,4.298182024,0.8098648994,0.8342237554,29.10801132,16.96733788,0.0,-1.049709259,0,0,12.56708075,75.66397556,0.3672060823,4.425779685
2024-01-02 9:00:00,224.6884814,35.34381555,7.941348244,2.706151878,0.8112853325,29.02666749,23.69181379,0.0,-0.3626279141,0,0,17.985278,76.36127968,0.1127065719,8.133119688
2024-01-02 9:15:00,232.3679622,23.84805477,5.541523888,1.92257265,0.9935172395,33.84287888,19.87796439,0.0,-3.370170394,0,0,17.51412694,28.89458307,0.2179868593,5.505288329
2024-01-02 9:30:00,225.4028788,10.40971524,2.346379783,0.5392786966,0.875246832,4.890691024,24.36904028,0.0,2.625592883,0,0,39.308188,27.59650715,0.2366409437,2.312909204
2024-01-02 9:45:00,237.749672,14.67895793,3.489917435,0.8038961771,0.8574723936,28.80432745,20.35243275,0.0,0.8247473375,1,0,36.05542629,50.46280589,0.4785851666,3.551229495
2024-01-02 10:00:00,226.0837335,32.39117561,7.323117916,0.8990517067,0.8583477423,47.49975516,4.452525455,0.0,-2.907327013,0,0,25.01941147,20.89248531,0.1547750597,7.248021309
2024-01-02 10:15:00,228.3896924,36.25541162,8.280362309,1.715222326,0.8029078229,36.2196601,1.09227362,0.0,-2.669745122,0,0,18.33792975,28.47999187,0.3196062837,8.648236585
2024-01-02 10:30:00,234.0675861,9.320974909,2.181738097,0.4836597915,0.9343365397,40.27441142,1.760350836,0.0,-0.9187524407,0,0,35.92026862,77.58846774,0.3878567568,2.093314128
2024-01-02 10:45:00,223.8456784,41.37534397,9.26169194,2.16712879,0.9522486836,1.135126564,20.95554053,0.0,-0.7790039995,0,1,22.44461737,58.86390543,0.4266641948,9.7025244
2024-01-02 11:00:00,231.1372997,42.09563237,9.729870793,2.294999213,0.8888776112,15.46869864,27.16595436,0.0,-4.703954397,0,0,11.70631719,29.29746008,0.4372813986,9.486899681
2024-01-02 11:15:00,236.5357138,37.53868614,8.879239921,1.133473261,0.8428662811,21.9054288,1.937287076,0.0,1.275499245,0,0,24.35627677,50.86030183,0.1667908109,8.580157176
2024-01-02 11:30:00,221.9625838,35.76148405,7.937711401,1.182151229,0.890212794,49.64353069,15.75206068,0.0,4.247511342,0,0,10.82178166,50.2042613,0.317987789,8.022734226
2024-01-02 11:45:00,230.9231693,15.43408637,3.56408814,0.8203180577,0.9883863223,16.16871899,7.794536726,0.0,4.140188845,0,0,39.1653874,45.81664676,0.4311083089,3.68576304
2024-01-02 12:00:00,231.299414,46.38298831,10.72835801,2.290647228,0.8322898035,46.68695425,21.80021037,0.0,2.305733192,0,0,31.6610268,72.91935307,0.4304005293,10.23099345
2024-01-02 12:15:00,233.9091144,17.08580998,3.996526681,0.5703964875,0.8134764463,11.82055778,2.076742604,0.0,0.4122918727,0,0,28.94348183,68.85622821,0.4453221959,3.880648479
2024-01-02 12:30:00,223.8152464,13.21270877,2.957205669,0.8711854859,0.8714630415,27.53325041,20.54526198,0.0,-4.789746794,0,0,10.73061875,26.99914616,0.4770598496,3.025094971
2024-01-02 12:45:00,223.3977169,33.73403165,7.536105654,1.019574478,0.9812644115,8.908771883,27.40940488,0.0,0.1138782521,0,0,30.32933808,49.99139738,0.2248839052,7.792365857
2024-01-02 13:00:00,232.6097078,21.38469327,4.974287254,0.5051608624,0.8741385943,7.470502086,9.103339082,0.0,2.446524979,0,0,27.72312847,45.30162714,0.3321866699,4.87898151
2024-01-02 13:15:00,231.4849234,46.98626381,10.87661168,3.08659227,0.9446736154,1.651045714,11.52283619,0.0,0.3940394207,0,0,27.86033605,57.34033876,0.219616916,10.92189914
2024-01-02 13:30:00,231.2524643,25.71123238,5.945785847,0.7422048602,0.8075437828,21.50148372,0.7475369262,0.0,0.1723826776,0,0,29.34863525,37.56772662,0.4965737454,5.759667238
2024-01-02 13:45:00,231.732241,12.36733444,2.865910125,0.338567397,0.8677214482,18.77026783,20.70458593,0.0,-4.41127636,0,0,18.11293446,34.63053606,0.4215273634,2.811746821
2024-01-02 14:00:00,226.5998764,48.08878913,10.89691367,1.370025735,0.9171345571,19.90406454,9.956750437,0.0,2.545011431,0,0,34.21837263,44.89737748,0.3438098696,11.32175912
2024-01-02 14:15:00,231.1612685,28.19452612,6.517482421,2.482534614,0.9035167713,4.253747106,23.22079536,0.0,2.550251723,0,0,19.87839055,22.66053244,0.4225783264,6.248341476
2024-01-02 14:30:00,231.4653624,28.33515162,6.558606137,0.863176799,0.9105578048,5.893115791,19.88252445,0.0,-0.5718853776,0,0,16.16899921,69.60239462,0.2933216435,6.240607849
2024-01-02 14:45:00,226.4282429,22.361121,5.063189337,1.780777684,0.8846385423,39.40563318,19.09827023,0.0,2.361843367,1,0,24.49827952,44.42413076,0.405462858,4.914442066
2024-01-02 15:00:00,239.3288726,42.61971988,10.20012951,3.396405722,0.9229044082,14.09066454,2.877145153,0.0,1.129564196,0,0,31.16794401,33.67932365,0.3623541593,9.86197036
2024-01-02 15:15:00,232.3691646,17.94396293,4.169623676,1.469216534,0.965285581,10.28277966,22.84782477,0.0,-0.392137829,0,0,13.0943661,36.34663534,0.1407066255,4.188714117
2024-01-02 15:30:00,224.0434825,5.616936855,1.258438094,0.3543234939,0.8162048798,0.5200107801,1.947624162,0.0,-3.92676325,1,0,29.87879931,51.38805935,0.3914265638,1.265596315
2024-01-02 15:45:00,233.282768,27.37750671,6.386700548,0.9358634568,0.877671441,44.6683418,4.264941002,0.0,-3.425190474,0,0,26.14000997,37.39695466,0.3326372712,6.354285888
2024-01-02 16:00:00,225.1265916,46.66491102,10.50551237,3.480178798,0.9442970749,10.43512514,26.35358276,0.0,-2.515616019,0,0,11.38937659,21.28595894,0.2169640535,10.93789123
2024-01-02 16:15:00,233.935423,17.29700089,4.046381221,1.091064351,0.9581777987,29.35435883,12.72120384,0.0,4.135526082,0,0,29.837407,37.86347952,0.2182510718,4.11896638
2024-01-02 16:30:00,235.7929779,16.98374465,4.004647727,1.083245054,0.9246235682,19.27214474,29.12880317,0.0,4.598297675,0,0,32.66581365,55.67126937,0.4080058003,3.80574273
2024-01-02 16:45:00,225.8965884,38.21449457,8.632523952,2.439826916,0.8785867677,35.12494551,7.422998323,0.0,0.4884546539,0,0,29.4393815,79.61550034,0.37600447,8.655698314
2024-01-02 17:00:00,234.8168806,39.89900003,9.368958729,1.353850152,0.8528785566,20.06236297,20.56596266,0.0,-4.479783768,0,0,26.25851509,75.86242576,0.3484749215,9.307644949
2024-01-02 17:15:00,232.0639046,24.6000442,5.70878231,1.070055312,0.8986414273,28.21495642,14.97267785,0.0,-4.379751465,0,0,22.88312832,71.25358809,0.3624021999,5.606971217
2024-01-02 17:30:00,234.1103008,42.5139472,9.952952967,3.961755264,0.8689207011,45.78015479,0.3029697397,0.0,-1.84233256,1,0,18.15759204,20.44696423,0.3702231674,10.30715982
2024-01-02 17:45:00,239.4839649,12.73698878,3.050304574,1.104339432,0.9349959297,22.54270831,26.77875443,0.0,-1.420862114,0,0,21.25825717,77.72236505,0.3018386688,3.13015671
2024-01-02 18:00:00,228.7730594,21.5161418,4.922313587,1.022712746,0.9428053986,13.40845054,5.177117852,0.0,-3.349881893,0,0,36.98358448,40.24583623,0.3388389392,4.962635093
2024-01-02 18:15:00,226.2313192,23.19250619,5.24687127,2.077556193,0.9060182559,38.50176668,24.23829106,0.0,-3.7028405,1,0,10.29466226,51.49321978,0.2847211522,4.99888583
2024-01-02 18:30:00,225.5524279,19.07581519,4.30259643,0.5201563619,0.9614498654,48.23483496,3.170844,0.0,1.377587257,0,0,11.37051828,20.5604521,0.3947121003,4.327326416
2024-01-02 18:45:00,225.9209486,14.79818971,3.343221056,0.6841871484,0.8246033775,42.23923852,19.91314715,0.0,-1.613685959,0,0,21.07156989,66.26115619,0.2113200094,3.466473209
2024-01-02 19:00:00,229.6144915,20.2167288,4.642053903,1.237384954,0.9772461254,46.53955236,21.80635805,0.0,-0.4488501294,0,0,19.57278351,57.64812179,0.3481008027,4.539628635
2024-01-02 19:15:00,231.7057599,5.810143259,1.346243659,0.3854183792,0.8252938649,32.57754954,10.09363455,0.0,2.559984296,0,0,22.09611884,55.78027263,0.1457298543,1.30660457
2024-01-02 19:30:00,231.383454,36.65075156,8.480377488,2.89645283,0.9367630848,1.661618568,8.138167754,0.0,-0.3298436362,0,0,35.89864895,29.35213726,0.2668312749,8.357001639
2024-01-02 19:45:00,234.1359162,35.77816555,8.376953574,2.688993116,0.8801573359,10.0429309,28.10403502,0.0,-0.3018482939,0,0,21.46299587,56.79396019,0.1033030889,8.338773194
2024-01-02 20:00:00,230.0650095,25.25981505,5.811399588,1.780657798,0.8892865037,11.61503743,6.508456308,0.0,-0.2473780648,0,0,33.13982209,45.0369089,0.3122686726,5.833653584
2024-01-02 20:15:00,237.2676704,19.53120127,4.634122626,1.817999947,0.9849481088,11.35073259,3.239832535,0.0,3.253927719,0,0,25.64310258,76.54835733,0.4270807395,4.527815961
2024-01-02 20:30:00,228.6767158,24.53420912,5.610402366,1.568161741,0.9064930212,14.11980107,2.003541165,0.0,-4.480302679,0,0,36.68946165,73.52281098,0.4670016213,5.410558365
2024-01-02 20:45:00,243.6008458,47.14343672,11.48418106,1.171009644,0.8313251888,7.125173269,14.43163988,0.0,-0.8398238915,1,0,15.19462951,72.56759878,0.4522382946,10.99832097
2024-01-02 21:00:00,233.1283367,32.1604182,7.497504804,2.136981921,0.9417076342,25.6865653,29.39431757,0.0,-4.769953483,0,0,36.14672088,21.05152826,0.3901857032,7.615590081
2024-01-02 21:15:00,225.7142122,37.91107921,8.557069379,2.80398725,0.9758110913,35.11179804,16.08467374,0.0,0.3957643425,0,0,37.41018007,60.12875012,0.2226787715,8.71114137
2024-01-02 21:30:00,224.6455375,15.32825354,3.443423755,1.292761867,0.9850085436,16.87968932,20.6412431,0.0,4.271136493,0,0,20.80737283,46.36263209,0.2316196686,3.497535815
2024-01-02 21:45:00,232.4123621,9.264108755,2.153093398,0.4687315513,0.8804468206,26.59436736,6.21389016,0.0,-2.789545392,0,0,34.11714142,33.3966933,0.1183955075,2.101987432
2024-01-02 22:00:00,228.8826861,8.743322062,2.001195039,0.2311129353,0.9626419824,3.196686285,3.052409153,0.0,-2.989847178,0,0,27.66189337,33.7447467,0.2299108974,1.963484463
2024-01-02 22:15:00,233.5700025,26.24084841,6.129075028,0.8460559605,0.9459648539,30.66195829,12.75435642,0.0,-3.892479256,0,0,26.27793805,33.06835951,0.4983717059,6.431433475
2024-01-02 22:30:00,232.3661881,37.25088521,8.6558462,3.22327762,0.9796306308,34.81253976,15.00477807,0.0,-0.2609600314,0,0,17.16795163,43.54297938,0.3064847186,8.582475128
2024-01-02 22:45:00,229.6358554,39.83541722,9.147640109,3.523393187,0.9484725894,27.54016755,5.348202416,0.0,-2.711856296,0,0,13.78329738,79.04319378,0.3658168728,9.106176964
2024-01-02 23:00:00,225.7660314,37.41844131,8.447812997,1.43427614,0.9694508332,45.21250014,27.68860528,0.0,4.155644019,0,1,34.18441238,51.80623147,0.1229762122,8.397419645
2024-01-02 23:15:00,222.4257639,46.07431194,10.24811403,3.101914731,0.8833107997,44.27620416,16.89816394,0.0,1.107148693,0,0,39.5958977,29.96270299,0.2766612733,10.13179631
2024-01-02 23:30:00,227.7674252,7.340110065,1.671837971,0.4045821315,0.8969645304,24.59380665,21.600876,0.0,-3.371171857,0,0,33.83246641,52.7099005,0.3627238312,1.63538858
2024-01-02 23:45:00,234.281994,43.49027699,10.18898881,2.866273119,0.841389729,19.83829061,20.32621068,0.0,-0.5685734899,0,0,20.17252143,64.50164213,0.2633610986,9.869357842
2024-01-03 0:00:00,231.0704687,34.7304468,8.025180621,0.9237239714,0.9294728675,9.289614006,2.75184688,0.0,-1.17697811,0,1,16.05992711,37.57723894,0.466515834,7.88650943
2024-01-03 0:15:00,223.7713061,12.89840504,2.886292943,1.123355838,0.823146237,28.41189974,7.594681494,0.0,-1.285642183,0,0,10.16449176,23.03546195,0.1563849628,2.855450579
2024-01-03 0:30:00,230.8659046,35.70713307,8.243559577,1.990695965,0.8555132079,4.979912834,18.07505315,0.0,1.84072035,0,0,26.28019206,42.7768858,0.1871937131,8.189946734
2024-01-03 0:45:00,231.9265869,28.02918021,6.500712099,2.156852526,0.9434004005,33.9005662,4.770340893,0.0,-3.269428909,0,0,26.1464344,66.59701038,0.4972976971,6.654333379
2024-01-03 1:00:00,225.5807128,21.15685609,4.772578679,1.216867004,0.980949488,2.813000911,13.48871416,0.0,1.521102876,0,0,38.46869525,33.02581726,0.4897214138,4.647308802
2024-01-03 1:15:00,230.7686255,16.15811716,3.728786489,1.331293228,0.9601291503,39.50540806,19.16318724,0.0,-2.505477945,0,0,38.73058936,20.7254982,0.1453002927,3.589312062
2024-01-03 1:30:00,230.2910436,25.88694743,5.961532138,1.727996716,0.9146012222,33.86146306,3.510160431,0.0,-0.6254528639,0,1,24.04582982,55.0784093,0.3476428851,6.037208074
2024-01-03 1:45:00,224.2851485,15.76096903,3.53495128,0.6935428952,0.9863971357,11.3573901,3.078980085,0.0,-3.316861365,0,0,27.79092698,22.13296467,0.1458559149,3.623703337
